{"schemaVersion":"1.0","appDefinitionTemplate":{"id":"/providers/Microsoft.PowerApps/apps/","type":"Microsoft.PowerApps/apps","tags":{"primaryDeviceWidth":"640","primaryDeviceHeight":"1136","sienaVersion":"20200908T101840Z-3.20084.9.0","deviceCapabilities":"","supportsPortrait":"true","supportsLandscape":"false","primaryFormFactor":"Phone","publisherVersion":"3.20084.9","minimumRequiredApiVersion":"2.2.0","hasComponent":"false","hasUnlockedComponent":"false","isUnifiedRootApp":"false"},"properties":{"appVersion":"2020-09-08T10:18:40Z","lifeCycleId":"Published","createdByClientVersion":{"major":3,"minor":20084,"build":9,"revision":0,"majorRevision":0,"minorRevision":0},"minClientVersion":{"major":3,"minor":20084,"build":9,"revision":0,"majorRevision":0,"minorRevision":0},"backgroundColor":"rgba(0, 176, 240, 1)","backgroundImageUri":"/13569624409892185162/N839eada5-9bd1-45f6-bc4f-942f619caa5a-logoSmallFile","displayName":"ReadyRecipe","description":"","commitMessage":"","appUris":{"documentUri":{"value":"/13569624409892185162/N579136e2-a780-46da-840a-45e057a1e76e-document.msapp","readonlyValue":"/13569624409892185162/N579136e2-a780-46da-840a-45e057a1e76e-document.msapp"},"imageUris":[]},"createdTime":"0001-01-01T00:00:00Z","lastModifiedTime":"0001-01-01T00:00:00Z","sharedGroupsCount":0,"sharedUsersCount":0,"icons":{"smallIconUri":"/13569624409892185162/N563a124f-2591-4503-bb16-165f56ec8f8e-small.png","mediumIconUri":"/13569624409892185162/N17a72003-738d-4ac7-99bb-05d4de078786-medium.png","largeIconUri":"/13569624409892185162/N76e3d179-8fbc-45f3-a42b-0d2ac75b6521-large.png","wideIconUri":"/13569624409892185162/Nc83f90c2-3f60-44eb-884c-eef8562cbcc1-wide.png"},"connectionReferences":{"52d1f00f-c70d-49c4-b1b3-089f44a29c78":{"id":"6ac8c9a0-990d-4503-a6ee-d8638bc9a50a","displayName":"Google Sheets","iconUri":"https://connectoricons-prod.azureedge.net/googlesheet/icon_1.0.1345.1995.png","dataSources":["Sheet1"],"dependencies":[],"dependents":[],"parameterHints":{},"isOnPremiseConnection":false,"bypassConsent":false,"dataSets":{"12KelYa5krbzh-wWP1Fg1DjprxanCcsBOBtmSfQsgfi4":{"dataSources":{"Sheet1":{"tableName":"0"}}}},"apiTier":"Standard","isCustomApiConnection":false}},"databaseReferences":{},"almMode":"Environment","performanceOptimizationEnabled":true,"canConsumeAppPass":true},"isAppComponentLibrary":false,"appType":"ClassicCanvasApp","appComponents":[]}}